{
    "page": 1,
    "size": 0,
    "total": 7,
    "items": [
        {
            "spec": {
                "displayName": "影像",
                "slug": "ying-xiang",
                "description": "",
                "cover": "",
                "template": "",
                "priority": 6,
                "children": [],
                "preventParentPostCascadeQuery": false,
                "hideFromList": false
            },
            "status": {
                "permalink": "/categories/ying-xiang",
                "postCount": 2,
                "visiblePostCount": 2
            },
            "apiVersion": "content.halo.run/v1alpha1",
            "kind": "Category",
            "metadata": {
                "generateName": "category-",
                "finalizers": [
                    "category-protection"
                ],
                "name": "category-AWEMl",
                "annotations": {
                    "content.halo.run/permalink-pattern": "categories",
                    "content.halo.run/last-hidden-state": "false"
                },
                "version": 1,
                "creationTimestamp": "2024-05-10T15:15:38.643799934Z"
            }
        },
        {
            "spec": {
                "displayName": "CCD",
                "slug": "ccd",
                "template": "",
                "priority": 3,
                "children": [],
                "preventParentPostCascadeQuery": false,
                "hideFromList": false
            },
            "status": {
                "permalink": "/categories/ccd",
                "postCount": 1,
                "visiblePostCount": 1
            },
            "apiVersion": "content.halo.run/v1alpha1",
            "kind": "Category",
            "metadata": {
                "generateName": "category-",
                "finalizers": [
                    "category-protection"
                ],
                "name": "category-zsvqy",
                "annotations": {
                    "content.halo.run/permalink-pattern": "categories",
                    "content.halo.run/last-hidden-state": "false"
                },
                "version": 1,
                "creationTimestamp": "2024-05-10T15:02:10.971471897Z"
            }
        },
        {
            "spec": {
                "displayName": "数码",
                "slug": "digital",
                "template": "",
                "priority": 2,
                "children": [],
                "preventParentPostCascadeQuery": false,
                "hideFromList": false
            },
            "status": {
                "permalink": "/categories/digital",
                "postCount": 10,
                "visiblePostCount": 10
            },
            "apiVersion": "content.halo.run/v1alpha1",
            "kind": "Category",
            "metadata": {
                "generateName": "category-",
                "finalizers": [
                    "category-protection"
                ],
                "name": "category-QiuXZ",
                "annotations": {
                    "content.halo.run/permalink-pattern": "categories",
                    "content.halo.run/last-hidden-state": "false"
                },
                "version": 3,
                "creationTimestamp": "2024-05-10T15:02:03.425268216Z"
            }
        },
        {
            "spec": {
                "displayName": "胶卷",
                "slug": "film",
                "description": "",
                "cover": "",
                "template": "",
                "priority": 1,
                "children": [],
                "preventParentPostCascadeQuery": false,
                "hideFromList": false
            },
            "status": {
                "permalink": "/categories/film",
                "postCount": 9,
                "visiblePostCount": 9
            },
            "apiVersion": "content.halo.run/v1alpha1",
            "kind": "Category",
            "metadata": {
                "generateName": "category-",
                "finalizers": [
                    "category-protection"
                ],
                "name": "category-qvZKM",
                "annotations": {
                    "content.halo.run/permalink-pattern": "categories",
                    "content.halo.run/last-hidden-state": "false"
                },
                "version": 3,
                "creationTimestamp": "2024-05-10T15:01:38.883627496Z"
            }
        },
        {
            "spec": {
                "displayName": "经验",
                "slug": "experience",
                "template": "",
                "priority": 0,
                "children": [],
                "preventParentPostCascadeQuery": false,
                "hideFromList": false
            },
            "status": {
                "permalink": "/categories/experience",
                "postCount": 1,
                "visiblePostCount": 1
            },
            "apiVersion": "content.halo.run/v1alpha1",
            "kind": "Category",
            "metadata": {
                "generateName": "category-",
                "finalizers": [
                    "category-protection"
                ],
                "name": "category-MwNAn",
                "annotations": {
                    "content.halo.run/permalink-pattern": "categories",
                    "content.halo.run/last-hidden-state": "false"
                },
                "version": 1,
                "creationTimestamp": "2024-05-09T09:08:35.513972895Z"
            }
        },
        {
            "spec": {
                "displayName": "杂七杂八",
                "slug": "other",
                "template": "",
                "priority": 0,
                "children": [],
                "preventParentPostCascadeQuery": false,
                "hideFromList": false
            },
            "status": {
                "permalink": "/categories/other",
                "postCount": 1,
                "visiblePostCount": 1
            },
            "apiVersion": "content.halo.run/v1alpha1",
            "kind": "Category",
            "metadata": {
                "generateName": "category-",
                "finalizers": [
                    "category-protection"
                ],
                "name": "category-Jwfcy",
                "annotations": {
                    "content.halo.run/permalink-pattern": "categories",
                    "content.halo.run/last-hidden-state": "false"
                },
                "version": 1,
                "creationTimestamp": "2024-05-09T09:08:03.426376029Z"
            }
        },
        {
            "spec": {
                "displayName": "照片",
                "slug": "photo",
                "description": "这是你的默认分类，如不需要，删除即可。",
                "cover": "",
                "template": "",
                "priority": 0,
                "children": [
                    "category-qvZKM",
                    "category-QiuXZ",
                    "category-zsvqy"
                ],
                "preventParentPostCascadeQuery": false,
                "hideFromList": false
            },
            "status": {
                "permalink": "/categories/photo",
                "postCount": 20,
                "visiblePostCount": 20
            },
            "apiVersion": "content.halo.run/v1alpha1",
            "kind": "Category",
            "metadata": {
                "finalizers": [
                    "category-protection"
                ],
                "name": "76514a40-6ef1-4ed9-b58a-e26945bde3ca",
                "annotations": {
                    "content.halo.run/permalink-pattern": "categories",
                    "content.halo.run/last-hidden-state": "false"
                },
                "version": 1,
                "creationTimestamp": "2024-05-09T08:24:33.417945490Z"
            }
        }
    ],
    "first": true,
    "last": true,
    "hasNext": false,
    "hasPrevious": false,
    "totalPages": 1
}