{
    "metadata": {
        "finalizers": [
            "category-protection"
        ],
        "name": "76514a40-6ef1-4ed9-b58a-e26945bde3ca",
        "annotations": {
            "content.halo.run/permalink-pattern": "categories",
            "content.halo.run/last-hidden-state": "false"
        },
        "version": 1,
        "creationTimestamp": "2024-05-09T08:24:33.417945490Z"
    },
    "spec": {
        "displayName": "照片",
        "slug": "photo",
        "description": "这是你的默认分类，如不需要，删除即可。",
        "cover": "",
        "template": "",
        "priority": 0,
        "children": [
            "category-qvZKM",
            "category-QiuXZ",
            "category-zsvqy"
        ],
        "preventParentPostCascadeQuery": false,
        "hideFromList": false
    },
    "status": {
        "permalink": "/categories/photo",
        "postCount": 20,
        "visiblePostCount": 20
    },
    "postCount": 20
}